video_id,label
407_drink_1,drinking
407_drink_10,drinking
407_drink_11,drinking
407_drink_12,drinking
407_drink_13,drinking
407_drink_14,drinking
407_drink_15,drinking
407_drink_16,drinking
407_drink_17,drinking
407_drink_18,drinking
407_drink_19,drinking
407_drink_2,drinking
407_drink_20,drinking
407_drink_21,drinking
407_drink_22,drinking
407_drink_23,drinking
407_drink_24,drinking
407_drink_25,drinking
407_drink_26,drinking
407_drink_27,drinking
407_drink_28,drinking
407_drink_29,drinking
407_drink_3,drinking
407_drink_30,drinking
407_drink_31,drinking
407_drink_32,drinking
407_drink_33,drinking
407_drink_34,drinking
407_drink_35,drinking
407_drink_36,drinking
407_drink_37,drinking
407_drink_38,drinking
407_drink_39,drinking
407_drink_4,drinking
407_drink_40,drinking
407_drink_41,drinking
407_drink_42,drinking
407_drink_43,drinking
407_drink_44,drinking
407_drink_45,drinking
407_drink_46,drinking
407_drink_47,drinking
407_drink_48,drinking
407_drink_49,drinking
407_drink_5,drinking
407_drink_50,drinking
407_drink_51,drinking
407_drink_52,drinking
407_drink_53,drinking
407_drink_54,drinking
407_drink_55,drinking
407_drink_56,drinking
407_drink_57,drinking
407_drink_58,drinking
407_drink_59,drinking
407_drink_6,drinking
407_drink_60,drinking
407_drink_61,drinking
407_drink_62,drinking
407_drink_63,drinking
407_drink_64,drinking
407_drink_65,drinking
407_drink_66,drinking
407_drink_67,drinking
407_drink_68,drinking
407_drink_69,drinking
407_drink_7,drinking
407_drink_70,drinking
407_drink_71,drinking
407_drink_72,drinking
407_drink_73,drinking
407_drink_74,drinking
407_drink_75,drinking
407_drink_76,drinking
407_drink_77,drinking
407_drink_78,drinking
407_drink_79,drinking
407_drink_8,drinking
407_drink_80,drinking
407_drink_9,drinking
407_normal_1,moving around normally
407_normal_10,moving around normally
407_normal_100,moving around normally
407_normal_101,moving around normally
407_normal_102,moving around normally
407_normal_103,moving around normally
407_normal_104,moving around normally
407_normal_105,moving around normally
407_normal_106,moving around normally
407_normal_107,moving around normally
407_normal_108,moving around normally
407_normal_109,moving around normally
407_normal_11,moving around normally
407_normal_110,moving around normally
407_normal_111,moving around normally
407_normal_112,moving around normally
407_normal_113,moving around normally
407_normal_114,moving around normally
407_normal_115,moving around normally
407_normal_116,moving around normally
407_normal_117,moving around normally
407_normal_118,moving around normally
407_normal_119,moving around normally
407_normal_12,moving around normally
407_normal_120,moving around normally
407_normal_121,moving around normally
407_normal_122,moving around normally
407_normal_123,moving around normally
407_normal_124,moving around normally
407_normal_125,moving around normally
407_normal_126,moving around normally
407_normal_127,moving around normally
407_normal_128,moving around normally
407_normal_129,moving around normally
407_normal_13,moving around normally
407_normal_130,moving around normally
407_normal_131,moving around normally
407_normal_132,moving around normally
407_normal_133,moving around normally
407_normal_134,moving around normally
407_normal_135,moving around normally
407_normal_136,moving around normally
407_normal_137,moving around normally
407_normal_138,moving around normally
407_normal_139,moving around normally
407_normal_14,moving around normally
407_normal_140,moving around normally
407_normal_141,moving around normally
407_normal_142,moving around normally
407_normal_143,moving around normally
407_normal_144,moving around normally
407_normal_145,moving around normally
407_normal_146,moving around normally
407_normal_147,moving around normally
407_normal_148,moving around normally
407_normal_149,moving around normally
407_normal_15,moving around normally
407_normal_150,moving around normally
407_normal_151,moving around normally
407_normal_152,moving around normally
407_normal_153,moving around normally
407_normal_154,moving around normally
407_normal_155,moving around normally
407_normal_156,moving around normally
407_normal_157,moving around normally
407_normal_158,moving around normally
407_normal_159,moving around normally
407_normal_16,moving around normally
407_normal_160,moving around normally
407_normal_161,moving around normally
407_normal_162,moving around normally
407_normal_163,moving around normally
407_normal_164,moving around normally
407_normal_165,moving around normally
407_normal_166,moving around normally
407_normal_167,moving around normally
407_normal_168,moving around normally
407_normal_169,moving around normally
407_normal_17,moving around normally
407_normal_170,moving around normally
407_normal_171,moving around normally
407_normal_172,moving around normally
407_normal_173,moving around normally
407_normal_174,moving around normally
407_normal_175,moving around normally
407_normal_176,moving around normally
407_normal_177,moving around normally
407_normal_178,moving around normally
407_normal_179,moving around normally
407_normal_18,moving around normally
407_normal_180,moving around normally
407_normal_181,moving around normally
407_normal_182,moving around normally
407_normal_183,moving around normally
407_normal_184,moving around normally
407_normal_185,moving around normally
407_normal_186,moving around normally
407_normal_187,moving around normally
407_normal_188,moving around normally
407_normal_189,moving around normally
407_normal_19,moving around normally
407_normal_190,moving around normally
407_normal_191,moving around normally
407_normal_192,moving around normally
407_normal_193,moving around normally
407_normal_194,moving around normally
407_normal_195,moving around normally
407_normal_196,moving around normally
407_normal_197,moving around normally
407_normal_198,moving around normally
407_normal_199,moving around normally
407_normal_2,moving around normally
407_normal_20,moving around normally
407_normal_200,moving around normally
407_normal_201,moving around normally
407_normal_202,moving around normally
407_normal_203,moving around normally
407_normal_204,moving around normally
407_normal_205,moving around normally
407_normal_206,moving around normally
407_normal_207,moving around normally
407_normal_208,moving around normally
407_normal_209,moving around normally
407_normal_21,moving around normally
407_normal_210,moving around normally
407_normal_211,moving around normally
407_normal_212,moving around normally
407_normal_213,moving around normally
407_normal_214,moving around normally
407_normal_215,moving around normally
407_normal_216,moving around normally
407_normal_217,moving around normally
407_normal_218,moving around normally
407_normal_219,moving around normally
407_normal_22,moving around normally
407_normal_220,moving around normally
407_normal_221,moving around normally
407_normal_222,moving around normally
407_normal_223,moving around normally
407_normal_224,moving around normally
407_normal_225,moving around normally
407_normal_226,moving around normally
407_normal_227,moving around normally
407_normal_228,moving around normally
407_normal_229,moving around normally
407_normal_23,moving around normally
407_normal_230,moving around normally
407_normal_231,moving around normally
407_normal_232,moving around normally
407_normal_233,moving around normally
407_normal_234,moving around normally
407_normal_235,moving around normally
407_normal_236,moving around normally
407_normal_237,moving around normally
407_normal_238,moving around normally
407_normal_239,moving around normally
407_normal_24,moving around normally
407_normal_240,moving around normally
407_normal_241,moving around normally
407_normal_242,moving around normally
407_normal_243,moving around normally
407_normal_244,moving around normally
407_normal_245,moving around normally
407_normal_246,moving around normally
407_normal_247,moving around normally
407_normal_248,moving around normally
407_normal_249,moving around normally
407_normal_25,moving around normally
407_normal_250,moving around normally
407_normal_251,moving around normally
407_normal_252,moving around normally
407_normal_253,moving around normally
407_normal_254,moving around normally
407_normal_255,moving around normally
407_normal_256,moving around normally
407_normal_257,moving around normally
407_normal_258,moving around normally
407_normal_259,moving around normally
407_normal_26,moving around normally
407_normal_260,moving around normally
407_normal_261,moving around normally
407_normal_262,moving around normally
407_normal_263,moving around normally
407_normal_264,moving around normally
407_normal_265,moving around normally
407_normal_266,moving around normally
407_normal_267,moving around normally
407_normal_268,moving around normally
407_normal_269,moving around normally
407_normal_27,moving around normally
407_normal_270,moving around normally
407_normal_271,moving around normally
407_normal_272,moving around normally
407_normal_273,moving around normally
407_normal_274,moving around normally
407_normal_275,moving around normally
407_normal_276,moving around normally
407_normal_277,moving around normally
407_normal_278,moving around normally
407_normal_279,moving around normally
407_normal_28,moving around normally
407_normal_280,moving around normally
407_normal_281,moving around normally
407_normal_282,moving around normally
407_normal_283,moving around normally
407_normal_284,moving around normally
407_normal_285,moving around normally
407_normal_286,moving around normally
407_normal_287,moving around normally
407_normal_288,moving around normally
407_normal_289,moving around normally
407_normal_29,moving around normally
407_normal_290,moving around normally
407_normal_291,moving around normally
407_normal_292,moving around normally
407_normal_293,moving around normally
407_normal_294,moving around normally
407_normal_295,moving around normally
407_normal_296,moving around normally
407_normal_297,moving around normally
407_normal_298,moving around normally
407_normal_299,moving around normally
407_normal_3,moving around normally
407_normal_30,moving around normally
407_normal_300,moving around normally
407_normal_301,moving around normally
407_normal_302,moving around normally
407_normal_303,moving around normally
407_normal_304,moving around normally
407_normal_305,moving around normally
407_normal_306,moving around normally
407_normal_307,moving around normally
407_normal_308,moving around normally
407_normal_309,moving around normally
407_normal_31,moving around normally
407_normal_310,moving around normally
407_normal_311,moving around normally
407_normal_312,moving around normally
407_normal_313,moving around normally
407_normal_314,moving around normally
407_normal_315,moving around normally
407_normal_316,moving around normally
407_normal_317,moving around normally
407_normal_318,moving around normally
407_normal_319,moving around normally
407_normal_32,moving around normally
407_normal_320,moving around normally
407_normal_321,moving around normally
407_normal_322,moving around normally
407_normal_323,moving around normally
407_normal_324,moving around normally
407_normal_325,moving around normally
407_normal_326,moving around normally
407_normal_327,moving around normally
407_normal_328,moving around normally
407_normal_329,moving around normally
407_normal_33,moving around normally
407_normal_330,moving around normally
407_normal_331,moving around normally
407_normal_332,moving around normally
407_normal_333,moving around normally
407_normal_334,moving around normally
407_normal_335,moving around normally
407_normal_336,moving around normally
407_normal_337,moving around normally
407_normal_338,moving around normally
407_normal_339,moving around normally
407_normal_34,moving around normally
407_normal_340,moving around normally
407_normal_341,moving around normally
407_normal_342,moving around normally
407_normal_343,moving around normally
407_normal_344,moving around normally
407_normal_345,moving around normally
407_normal_346,moving around normally
407_normal_347,moving around normally
407_normal_348,moving around normally
407_normal_349,moving around normally
407_normal_35,moving around normally
407_normal_350,moving around normally
407_normal_351,moving around normally
407_normal_352,moving around normally
407_normal_353,moving around normally
407_normal_354,moving around normally
407_normal_355,moving around normally
407_normal_356,moving around normally
407_normal_357,moving around normally
407_normal_358,moving around normally
407_normal_359,moving around normally
407_normal_36,moving around normally
407_normal_360,moving around normally
407_normal_361,moving around normally
407_normal_362,moving around normally
407_normal_363,moving around normally
407_normal_364,moving around normally
407_normal_365,moving around normally
407_normal_366,moving around normally
407_normal_367,moving around normally
407_normal_368,moving around normally
407_normal_369,moving around normally
407_normal_37,moving around normally
407_normal_370,moving around normally
407_normal_371,moving around normally
407_normal_372,moving around normally
407_normal_373,moving around normally
407_normal_374,moving around normally
407_normal_375,moving around normally
407_normal_376,moving around normally
407_normal_377,moving around normally
407_normal_378,moving around normally
407_normal_379,moving around normally
407_normal_38,moving around normally
407_normal_380,moving around normally
407_normal_381,moving around normally
407_normal_382,moving around normally
407_normal_383,moving around normally
407_normal_384,moving around normally
407_normal_385,moving around normally
407_normal_386,moving around normally
407_normal_387,moving around normally
407_normal_388,moving around normally
407_normal_389,moving around normally
407_normal_39,moving around normally
407_normal_390,moving around normally
407_normal_391,moving around normally
407_normal_392,moving around normally
407_normal_393,moving around normally
407_normal_394,moving around normally
407_normal_395,moving around normally
407_normal_396,moving around normally
407_normal_397,moving around normally
407_normal_398,moving around normally
407_normal_399,moving around normally
407_normal_4,moving around normally
407_normal_40,moving around normally
407_normal_400,moving around normally
407_normal_41,moving around normally
407_normal_42,moving around normally
407_normal_43,moving around normally
407_normal_44,moving around normally
407_normal_45,moving around normally
407_normal_46,moving around normally
407_normal_47,moving around normally
407_normal_48,moving around normally
407_normal_49,moving around normally
407_normal_5,moving around normally
407_normal_50,moving around normally
407_normal_51,moving around normally
407_normal_52,moving around normally
407_normal_53,moving around normally
407_normal_54,moving around normally
407_normal_55,moving around normally
407_normal_56,moving around normally
407_normal_57,moving around normally
407_normal_58,moving around normally
407_normal_59,moving around normally
407_normal_6,moving around normally
407_normal_60,moving around normally
407_normal_61,moving around normally
407_normal_62,moving around normally
407_normal_63,moving around normally
407_normal_64,moving around normally
407_normal_65,moving around normally
407_normal_66,moving around normally
407_normal_67,moving around normally
407_normal_68,moving around normally
407_normal_69,moving around normally
407_normal_7,moving around normally
407_normal_70,moving around normally
407_normal_71,moving around normally
407_normal_72,moving around normally
407_normal_73,moving around normally
407_normal_74,moving around normally
407_normal_75,moving around normally
407_normal_76,moving around normally
407_normal_77,moving around normally
407_normal_78,moving around normally
407_normal_79,moving around normally
407_normal_8,moving around normally
407_normal_80,moving around normally
407_normal_81,moving around normally
407_normal_82,moving around normally
407_normal_83,moving around normally
407_normal_84,moving around normally
407_normal_85,moving around normally
407_normal_86,moving around normally
407_normal_87,moving around normally
407_normal_88,moving around normally
407_normal_89,moving around normally
407_normal_9,moving around normally
407_normal_90,moving around normally
407_normal_91,moving around normally
407_normal_92,moving around normally
407_normal_93,moving around normally
407_normal_94,moving around normally
407_normal_95,moving around normally
407_normal_96,moving around normally
407_normal_97,moving around normally
407_normal_98,moving around normally
407_normal_99,moving around normally
407_throw_1,throwing
407_throw_10,throwing
407_throw_11,throwing
407_throw_12,throwing
407_throw_13,throwing
407_throw_14,throwing
407_throw_15,throwing
407_throw_16,throwing
407_throw_17,throwing
407_throw_18,throwing
407_throw_19,throwing
407_throw_2,throwing
407_throw_20,throwing
407_throw_21,throwing
407_throw_22,throwing
407_throw_23,throwing
407_throw_24,throwing
407_throw_25,throwing
407_throw_26,throwing
407_throw_27,throwing
407_throw_28,throwing
407_throw_29,throwing
407_throw_3,throwing
407_throw_30,throwing
407_throw_31,throwing
407_throw_32,throwing
407_throw_33,throwing
407_throw_34,throwing
407_throw_35,throwing
407_throw_36,throwing
407_throw_37,throwing
407_throw_38,throwing
407_throw_39,throwing
407_throw_4,throwing
407_throw_40,throwing
407_throw_41,throwing
407_throw_42,throwing
407_throw_43,throwing
407_throw_44,throwing
407_throw_45,throwing
407_throw_46,throwing
407_throw_47,throwing
407_throw_48,throwing
407_throw_49,throwing
407_throw_5,throwing
407_throw_50,throwing
407_throw_51,throwing
407_throw_52,throwing
407_throw_53,throwing
407_throw_54,throwing
407_throw_55,throwing
407_throw_56,throwing
407_throw_57,throwing
407_throw_58,throwing
407_throw_59,throwing
407_throw_6,throwing
407_throw_60,throwing
407_throw_61,throwing
407_throw_62,throwing
407_throw_63,throwing
407_throw_64,throwing
407_throw_65,throwing
407_throw_66,throwing
407_throw_67,throwing
407_throw_68,throwing
407_throw_69,throwing
407_throw_7,throwing
407_throw_70,throwing
407_throw_71,throwing
407_throw_72,throwing
407_throw_73,throwing
407_throw_74,throwing
407_throw_75,throwing
407_throw_76,throwing
407_throw_77,throwing
407_throw_78,throwing
407_throw_79,throwing
407_throw_8,throwing
407_throw_80,throwing
407_throw_9,throwing
407_unwear_1,operating without lab coats
407_unwear_10,operating without lab coats
407_unwear_11,operating without lab coats
407_unwear_12,operating without lab coats
407_unwear_13,operating without lab coats
407_unwear_14,operating without lab coats
407_unwear_15,operating without lab coats
407_unwear_16,operating without lab coats
407_unwear_17,operating without lab coats
407_unwear_18,operating without lab coats
407_unwear_19,operating without lab coats
407_unwear_2,operating without lab coats
407_unwear_20,operating without lab coats
407_unwear_21,operating without lab coats
407_unwear_22,operating without lab coats
407_unwear_23,operating without lab coats
407_unwear_24,operating without lab coats
407_unwear_25,operating without lab coats
407_unwear_26,operating without lab coats
407_unwear_27,operating without lab coats
407_unwear_28,operating without lab coats
407_unwear_29,operating without lab coats
407_unwear_3,operating without lab coats
407_unwear_30,operating without lab coats
407_unwear_31,operating without lab coats
407_unwear_32,operating without lab coats
407_unwear_33,operating without lab coats
407_unwear_34,operating without lab coats
407_unwear_35,operating without lab coats
407_unwear_36,operating without lab coats
407_unwear_37,operating without lab coats
407_unwear_38,operating without lab coats
407_unwear_39,operating without lab coats
407_unwear_4,operating without lab coats
407_unwear_40,operating without lab coats
407_unwear_41,operating without lab coats
407_unwear_42,operating without lab coats
407_unwear_43,operating without lab coats
407_unwear_44,operating without lab coats
407_unwear_45,operating without lab coats
407_unwear_46,operating without lab coats
407_unwear_47,operating without lab coats
407_unwear_48,operating without lab coats
407_unwear_49,operating without lab coats
407_unwear_5,operating without lab coats
407_unwear_50,operating without lab coats
407_unwear_51,operating without lab coats
407_unwear_52,operating without lab coats
407_unwear_53,operating without lab coats
407_unwear_54,operating without lab coats
407_unwear_55,operating without lab coats
407_unwear_56,operating without lab coats
407_unwear_57,operating without lab coats
407_unwear_58,operating without lab coats
407_unwear_59,operating without lab coats
407_unwear_6,operating without lab coats
407_unwear_60,operating without lab coats
407_unwear_61,operating without lab coats
407_unwear_62,operating without lab coats
407_unwear_63,operating without lab coats
407_unwear_64,operating without lab coats
407_unwear_65,operating without lab coats
407_unwear_66,operating without lab coats
407_unwear_67,operating without lab coats
407_unwear_68,operating without lab coats
407_unwear_69,operating without lab coats
407_unwear_7,operating without lab coats
407_unwear_70,operating without lab coats
407_unwear_71,operating without lab coats
407_unwear_72,operating without lab coats
407_unwear_73,operating without lab coats
407_unwear_74,operating without lab coats
407_unwear_75,operating without lab coats
407_unwear_76,operating without lab coats
407_unwear_77,operating without lab coats
407_unwear_78,operating without lab coats
407_unwear_79,operating without lab coats
407_unwear_8,operating without lab coats
407_unwear_80,operating without lab coats
407_unwear_9,operating without lab coats
409_drink_1,drinking
409_drink_10,drinking
409_drink_11,drinking
409_drink_12,drinking
409_drink_13,drinking
409_drink_14,drinking
409_drink_15,drinking
409_drink_16,drinking
409_drink_17,drinking
409_drink_18,drinking
409_drink_19,drinking
409_drink_2,drinking
409_drink_20,drinking
409_drink_21,drinking
409_drink_22,drinking
409_drink_23,drinking
409_drink_24,drinking
409_drink_25,drinking
409_drink_26,drinking
409_drink_27,drinking
409_drink_28,drinking
409_drink_29,drinking
409_drink_3,drinking
409_drink_30,drinking
409_drink_31,drinking
409_drink_32,drinking
409_drink_33,drinking
409_drink_34,drinking
409_drink_35,drinking
409_drink_36,drinking
409_drink_37,drinking
409_drink_38,drinking
409_drink_39,drinking
409_drink_4,drinking
409_drink_40,drinking
409_drink_41,drinking
409_drink_42,drinking
409_drink_43,drinking
409_drink_44,drinking
409_drink_45,drinking
409_drink_46,drinking
409_drink_47,drinking
409_drink_48,drinking
409_drink_49,drinking
409_drink_5,drinking
409_drink_50,drinking
409_drink_51,drinking
409_drink_52,drinking
409_drink_53,drinking
409_drink_54,drinking
409_drink_55,drinking
409_drink_56,drinking
409_drink_57,drinking
409_drink_58,drinking
409_drink_59,drinking
409_drink_6,drinking
409_drink_60,drinking
409_drink_61,drinking
409_drink_62,drinking
409_drink_63,drinking
409_drink_64,drinking
409_drink_65,drinking
409_drink_66,drinking
409_drink_67,drinking
409_drink_68,drinking
409_drink_69,drinking
409_drink_7,drinking
409_drink_70,drinking
409_drink_71,drinking
409_drink_72,drinking
409_drink_73,drinking
409_drink_74,drinking
409_drink_75,drinking
409_drink_76,drinking
409_drink_77,drinking
409_drink_78,drinking
409_drink_79,drinking
409_drink_8,drinking
409_drink_80,drinking
409_drink_9,drinking
409_normal_1,moving around normally
409_normal_10,moving around normally
409_normal_100,moving around normally
409_normal_101,moving around normally
409_normal_102,moving around normally
409_normal_103,moving around normally
409_normal_104,moving around normally
409_normal_105,moving around normally
409_normal_106,moving around normally
409_normal_107,moving around normally
409_normal_108,moving around normally
409_normal_109,moving around normally
409_normal_11,moving around normally
409_normal_110,moving around normally
409_normal_111,moving around normally
409_normal_112,moving around normally
409_normal_113,moving around normally
409_normal_114,moving around normally
409_normal_115,moving around normally
409_normal_116,moving around normally
409_normal_117,moving around normally
409_normal_118,moving around normally
409_normal_119,moving around normally
409_normal_12,moving around normally
409_normal_120,moving around normally
409_normal_121,moving around normally
409_normal_122,moving around normally
409_normal_123,moving around normally
409_normal_124,moving around normally
409_normal_125,moving around normally
409_normal_126,moving around normally
409_normal_127,moving around normally
409_normal_128,moving around normally
409_normal_129,moving around normally
409_normal_13,moving around normally
409_normal_130,moving around normally
409_normal_131,moving around normally
409_normal_132,moving around normally
409_normal_133,moving around normally
409_normal_134,moving around normally
409_normal_135,moving around normally
409_normal_136,moving around normally
409_normal_137,moving around normally
409_normal_138,moving around normally
409_normal_139,moving around normally
409_normal_14,moving around normally
409_normal_140,moving around normally
409_normal_141,moving around normally
409_normal_142,moving around normally
409_normal_143,moving around normally
409_normal_144,moving around normally
409_normal_145,moving around normally
409_normal_146,moving around normally
409_normal_147,moving around normally
409_normal_148,moving around normally
409_normal_149,moving around normally
409_normal_15,moving around normally
409_normal_150,moving around normally
409_normal_151,moving around normally
409_normal_152,moving around normally
409_normal_153,moving around normally
409_normal_154,moving around normally
409_normal_155,moving around normally
409_normal_156,moving around normally
409_normal_157,moving around normally
409_normal_158,moving around normally
409_normal_159,moving around normally
409_normal_16,moving around normally
409_normal_160,moving around normally
409_normal_161,moving around normally
409_normal_162,moving around normally
409_normal_163,moving around normally
409_normal_164,moving around normally
409_normal_165,moving around normally
409_normal_166,moving around normally
409_normal_167,moving around normally
409_normal_168,moving around normally
409_normal_169,moving around normally
409_normal_17,moving around normally
409_normal_170,moving around normally
409_normal_171,moving around normally
409_normal_172,moving around normally
409_normal_173,moving around normally
409_normal_174,moving around normally
409_normal_175,moving around normally
409_normal_176,moving around normally
409_normal_177,moving around normally
409_normal_178,moving around normally
409_normal_179,moving around normally
409_normal_18,moving around normally
409_normal_180,moving around normally
409_normal_181,moving around normally
409_normal_182,moving around normally
409_normal_183,moving around normally
409_normal_184,moving around normally
409_normal_185,moving around normally
409_normal_186,moving around normally
409_normal_187,moving around normally
409_normal_188,moving around normally
409_normal_189,moving around normally
409_normal_19,moving around normally
409_normal_190,moving around normally
409_normal_191,moving around normally
409_normal_192,moving around normally
409_normal_193,moving around normally
409_normal_194,moving around normally
409_normal_195,moving around normally
409_normal_196,moving around normally
409_normal_197,moving around normally
409_normal_198,moving around normally
409_normal_199,moving around normally
409_normal_2,moving around normally
409_normal_20,moving around normally
409_normal_200,moving around normally
409_normal_201,moving around normally
409_normal_202,moving around normally
409_normal_203,moving around normally
409_normal_204,moving around normally
409_normal_205,moving around normally
409_normal_206,moving around normally
409_normal_207,moving around normally
409_normal_208,moving around normally
409_normal_209,moving around normally
409_normal_21,moving around normally
409_normal_210,moving around normally
409_normal_211,moving around normally
409_normal_212,moving around normally
409_normal_213,moving around normally
409_normal_214,moving around normally
409_normal_215,moving around normally
409_normal_216,moving around normally
409_normal_217,moving around normally
409_normal_218,moving around normally
409_normal_219,moving around normally
409_normal_22,moving around normally
409_normal_220,moving around normally
409_normal_221,moving around normally
409_normal_222,moving around normally
409_normal_223,moving around normally
409_normal_224,moving around normally
409_normal_225,moving around normally
409_normal_226,moving around normally
409_normal_227,moving around normally
409_normal_228,moving around normally
409_normal_229,moving around normally
409_normal_23,moving around normally
409_normal_230,moving around normally
409_normal_231,moving around normally
409_normal_232,moving around normally
409_normal_233,moving around normally
409_normal_234,moving around normally
409_normal_235,moving around normally
409_normal_236,moving around normally
409_normal_237,moving around normally
409_normal_238,moving around normally
409_normal_239,moving around normally
409_normal_24,moving around normally
409_normal_240,moving around normally
409_normal_241,moving around normally
409_normal_242,moving around normally
409_normal_243,moving around normally
409_normal_244,moving around normally
409_normal_245,moving around normally
409_normal_246,moving around normally
409_normal_247,moving around normally
409_normal_248,moving around normally
409_normal_249,moving around normally
409_normal_25,moving around normally
409_normal_250,moving around normally
409_normal_251,moving around normally
409_normal_252,moving around normally
409_normal_253,moving around normally
409_normal_254,moving around normally
409_normal_255,moving around normally
409_normal_256,moving around normally
409_normal_257,moving around normally
409_normal_258,moving around normally
409_normal_259,moving around normally
409_normal_26,moving around normally
409_normal_260,moving around normally
409_normal_261,moving around normally
409_normal_262,moving around normally
409_normal_263,moving around normally
409_normal_264,moving around normally
409_normal_265,moving around normally
409_normal_266,moving around normally
409_normal_267,moving around normally
409_normal_268,moving around normally
409_normal_269,moving around normally
409_normal_27,moving around normally
409_normal_270,moving around normally
409_normal_271,moving around normally
409_normal_272,moving around normally
409_normal_273,moving around normally
409_normal_274,moving around normally
409_normal_275,moving around normally
409_normal_276,moving around normally
409_normal_277,moving around normally
409_normal_278,moving around normally
409_normal_279,moving around normally
409_normal_28,moving around normally
409_normal_280,moving around normally
409_normal_281,moving around normally
409_normal_282,moving around normally
409_normal_283,moving around normally
409_normal_284,moving around normally
409_normal_285,moving around normally
409_normal_286,moving around normally
409_normal_287,moving around normally
409_normal_288,moving around normally
409_normal_289,moving around normally
409_normal_29,moving around normally
409_normal_290,moving around normally
409_normal_291,moving around normally
409_normal_292,moving around normally
409_normal_293,moving around normally
409_normal_294,moving around normally
409_normal_295,moving around normally
409_normal_296,moving around normally
409_normal_297,moving around normally
409_normal_298,moving around normally
409_normal_299,moving around normally
409_normal_3,moving around normally
409_normal_30,moving around normally
409_normal_300,moving around normally
409_normal_301,moving around normally
409_normal_302,moving around normally
409_normal_303,moving around normally
409_normal_304,moving around normally
409_normal_305,moving around normally
409_normal_306,moving around normally
409_normal_307,moving around normally
409_normal_308,moving around normally
409_normal_309,moving around normally
409_normal_31,moving around normally
409_normal_310,moving around normally
409_normal_311,moving around normally
409_normal_312,moving around normally
409_normal_313,moving around normally
409_normal_314,moving around normally
409_normal_315,moving around normally
409_normal_316,moving around normally
409_normal_317,moving around normally
409_normal_318,moving around normally
409_normal_319,moving around normally
409_normal_32,moving around normally
409_normal_320,moving around normally
409_normal_321,moving around normally
409_normal_322,moving around normally
409_normal_323,moving around normally
409_normal_324,moving around normally
409_normal_325,moving around normally
409_normal_326,moving around normally
409_normal_327,moving around normally
409_normal_328,moving around normally
409_normal_329,moving around normally
409_normal_33,moving around normally
409_normal_330,moving around normally
409_normal_331,moving around normally
409_normal_332,moving around normally
409_normal_333,moving around normally
409_normal_334,moving around normally
409_normal_335,moving around normally
409_normal_336,moving around normally
409_normal_337,moving around normally
409_normal_338,moving around normally
409_normal_339,moving around normally
409_normal_34,moving around normally
409_normal_340,moving around normally
409_normal_341,moving around normally
409_normal_342,moving around normally
409_normal_343,moving around normally
409_normal_344,moving around normally
409_normal_345,moving around normally
409_normal_346,moving around normally
409_normal_347,moving around normally
409_normal_348,moving around normally
409_normal_349,moving around normally
409_normal_35,moving around normally
409_normal_350,moving around normally
409_normal_351,moving around normally
409_normal_352,moving around normally
409_normal_353,moving around normally
409_normal_354,moving around normally
409_normal_355,moving around normally
409_normal_356,moving around normally
409_normal_357,moving around normally
409_normal_358,moving around normally
409_normal_359,moving around normally
409_normal_36,moving around normally
409_normal_360,moving around normally
409_normal_361,moving around normally
409_normal_362,moving around normally
409_normal_363,moving around normally
409_normal_364,moving around normally
409_normal_365,moving around normally
409_normal_366,moving around normally
409_normal_367,moving around normally
409_normal_368,moving around normally
409_normal_369,moving around normally
409_normal_37,moving around normally
409_normal_370,moving around normally
409_normal_371,moving around normally
409_normal_372,moving around normally
409_normal_373,moving around normally
409_normal_374,moving around normally
409_normal_375,moving around normally
409_normal_376,moving around normally
409_normal_377,moving around normally
409_normal_378,moving around normally
409_normal_379,moving around normally
409_normal_38,moving around normally
409_normal_380,moving around normally
409_normal_381,moving around normally
409_normal_382,moving around normally
409_normal_383,moving around normally
409_normal_384,moving around normally
409_normal_385,moving around normally
409_normal_386,moving around normally
409_normal_387,moving around normally
409_normal_388,moving around normally
409_normal_389,moving around normally
409_normal_39,moving around normally
409_normal_390,moving around normally
409_normal_391,moving around normally
409_normal_392,moving around normally
409_normal_393,moving around normally
409_normal_394,moving around normally
409_normal_395,moving around normally
409_normal_396,moving around normally
409_normal_397,moving around normally
409_normal_398,moving around normally
409_normal_399,moving around normally
409_normal_4,moving around normally
409_normal_40,moving around normally
409_normal_400,moving around normally
409_normal_41,moving around normally
409_normal_42,moving around normally
409_normal_43,moving around normally
409_normal_44,moving around normally
409_normal_45,moving around normally
409_normal_46,moving around normally
409_normal_47,moving around normally
409_normal_48,moving around normally
409_normal_49,moving around normally
409_normal_5,moving around normally
409_normal_50,moving around normally
409_normal_51,moving around normally
409_normal_52,moving around normally
409_normal_53,moving around normally
409_normal_54,moving around normally
409_normal_55,moving around normally
409_normal_56,moving around normally
409_normal_57,moving around normally
409_normal_58,moving around normally
409_normal_59,moving around normally
409_normal_6,moving around normally
409_normal_60,moving around normally
409_normal_61,moving around normally
409_normal_62,moving around normally
409_normal_63,moving around normally
409_normal_64,moving around normally
409_normal_65,moving around normally
409_normal_66,moving around normally
409_normal_67,moving around normally
409_normal_68,moving around normally
409_normal_69,moving around normally
409_normal_7,moving around normally
409_normal_70,moving around normally
409_normal_71,moving around normally
409_normal_72,moving around normally
409_normal_73,moving around normally
409_normal_74,moving around normally
409_normal_75,moving around normally
409_normal_76,moving around normally
409_normal_77,moving around normally
409_normal_78,moving around normally
409_normal_79,moving around normally
409_normal_8,moving around normally
409_normal_80,moving around normally
409_normal_81,moving around normally
409_normal_82,moving around normally
409_normal_83,moving around normally
409_normal_84,moving around normally
409_normal_85,moving around normally
409_normal_86,moving around normally
409_normal_87,moving around normally
409_normal_88,moving around normally
409_normal_89,moving around normally
409_normal_9,moving around normally
409_normal_90,moving around normally
409_normal_91,moving around normally
409_normal_92,moving around normally
409_normal_93,moving around normally
409_normal_94,moving around normally
409_normal_95,moving around normally
409_normal_96,moving around normally
409_normal_97,moving around normally
409_normal_98,moving around normally
409_normal_99,moving around normally
409_throw_1,throwing
409_throw_10,throwing
409_throw_11,throwing
409_throw_12,throwing
409_throw_13,throwing
409_throw_14,throwing
409_throw_15,throwing
409_throw_16,throwing
409_throw_17,throwing
409_throw_18,throwing
409_throw_19,throwing
409_throw_2,throwing
409_throw_20,throwing
409_throw_21,throwing
409_throw_22,throwing
409_throw_23,throwing
409_throw_24,throwing
409_throw_25,throwing
409_throw_26,throwing
409_throw_27,throwing
409_throw_28,throwing
409_throw_29,throwing
409_throw_3,throwing
409_throw_30,throwing
409_throw_31,throwing
409_throw_32,throwing
409_throw_33,throwing
409_throw_34,throwing
409_throw_35,throwing
409_throw_36,throwing
409_throw_37,throwing
409_throw_38,throwing
409_throw_39,throwing
409_throw_4,throwing
409_throw_40,throwing
409_throw_41,throwing
409_throw_42,throwing
409_throw_43,throwing
409_throw_44,throwing
409_throw_45,throwing
409_throw_46,throwing
409_throw_47,throwing
409_throw_48,throwing
409_throw_49,throwing
409_throw_5,throwing
409_throw_50,throwing
409_throw_51,throwing
409_throw_52,throwing
409_throw_53,throwing
409_throw_54,throwing
409_throw_55,throwing
409_throw_56,throwing
409_throw_57,throwing
409_throw_58,throwing
409_throw_59,throwing
409_throw_6,throwing
409_throw_60,throwing
409_throw_61,throwing
409_throw_62,throwing
409_throw_63,throwing
409_throw_64,throwing
409_throw_65,throwing
409_throw_66,throwing
409_throw_67,throwing
409_throw_68,throwing
409_throw_69,throwing
409_throw_7,throwing
409_throw_70,throwing
409_throw_71,throwing
409_throw_72,throwing
409_throw_73,throwing
409_throw_74,throwing
409_throw_75,throwing
409_throw_76,throwing
409_throw_77,throwing
409_throw_78,throwing
409_throw_79,throwing
409_throw_8,throwing
409_throw_80,throwing
409_throw_9,throwing
409_unwear_1,operating without lab coats
409_unwear_10,operating without lab coats
409_unwear_11,operating without lab coats
409_unwear_12,operating without lab coats
409_unwear_13,operating without lab coats
409_unwear_14,operating without lab coats
409_unwear_15,operating without lab coats
409_unwear_16,operating without lab coats
409_unwear_17,operating without lab coats
409_unwear_18,operating without lab coats
409_unwear_19,operating without lab coats
409_unwear_2,operating without lab coats
409_unwear_20,operating without lab coats
409_unwear_21,operating without lab coats
409_unwear_22,operating without lab coats
409_unwear_23,operating without lab coats
409_unwear_24,operating without lab coats
409_unwear_25,operating without lab coats
409_unwear_26,operating without lab coats
409_unwear_27,operating without lab coats
409_unwear_28,operating without lab coats
409_unwear_29,operating without lab coats
409_unwear_3,operating without lab coats
409_unwear_30,operating without lab coats
409_unwear_31,operating without lab coats
409_unwear_32,operating without lab coats
409_unwear_33,operating without lab coats
409_unwear_34,operating without lab coats
409_unwear_35,operating without lab coats
409_unwear_36,operating without lab coats
409_unwear_37,operating without lab coats
409_unwear_38,operating without lab coats
409_unwear_39,operating without lab coats
409_unwear_4,operating without lab coats
409_unwear_40,operating without lab coats
409_unwear_41,operating without lab coats
409_unwear_42,operating without lab coats
409_unwear_43,operating without lab coats
409_unwear_44,operating without lab coats
409_unwear_45,operating without lab coats
409_unwear_46,operating without lab coats
409_unwear_47,operating without lab coats
409_unwear_48,operating without lab coats
409_unwear_49,operating without lab coats
409_unwear_5,operating without lab coats
409_unwear_50,operating without lab coats
409_unwear_51,operating without lab coats
409_unwear_52,operating without lab coats
409_unwear_53,operating without lab coats
409_unwear_54,operating without lab coats
409_unwear_55,operating without lab coats
409_unwear_56,operating without lab coats
409_unwear_57,operating without lab coats
409_unwear_58,operating without lab coats
409_unwear_59,operating without lab coats
409_unwear_6,operating without lab coats
409_unwear_60,operating without lab coats
409_unwear_61,operating without lab coats
409_unwear_62,operating without lab coats
409_unwear_63,operating without lab coats
409_unwear_64,operating without lab coats
409_unwear_65,operating without lab coats
409_unwear_66,operating without lab coats
409_unwear_67,operating without lab coats
409_unwear_68,operating without lab coats
409_unwear_69,operating without lab coats
409_unwear_7,operating without lab coats
409_unwear_70,operating without lab coats
409_unwear_71,operating without lab coats
409_unwear_72,operating without lab coats
409_unwear_73,operating without lab coats
409_unwear_74,operating without lab coats
409_unwear_75,operating without lab coats
409_unwear_76,operating without lab coats
409_unwear_77,operating without lab coats
409_unwear_78,operating without lab coats
409_unwear_79,operating without lab coats
409_unwear_8,operating without lab coats
409_unwear_80,operating without lab coats
409_unwear_9,operating without lab coats
410_drink_1,drinking
410_drink_10,drinking
410_drink_11,drinking
410_drink_12,drinking
410_drink_13,drinking
410_drink_14,drinking
410_drink_15,drinking
410_drink_16,drinking
410_drink_17,drinking
410_drink_18,drinking
410_drink_19,drinking
410_drink_2,drinking
410_drink_20,drinking
410_drink_21,drinking
410_drink_22,drinking
410_drink_23,drinking
410_drink_24,drinking
410_drink_25,drinking
410_drink_26,drinking
410_drink_27,drinking
410_drink_28,drinking
410_drink_29,drinking
410_drink_3,drinking
410_drink_30,drinking
410_drink_31,drinking
410_drink_32,drinking
410_drink_33,drinking
410_drink_34,drinking
410_drink_35,drinking
410_drink_36,drinking
410_drink_37,drinking
410_drink_38,drinking
410_drink_39,drinking
410_drink_4,drinking
410_drink_40,drinking
410_drink_41,drinking
410_drink_42,drinking
410_drink_43,drinking
410_drink_44,drinking
410_drink_45,drinking
410_drink_46,drinking
410_drink_47,drinking
410_drink_48,drinking
410_drink_49,drinking
410_drink_5,drinking
410_drink_50,drinking
410_drink_51,drinking
410_drink_52,drinking
410_drink_53,drinking
410_drink_54,drinking
410_drink_55,drinking
410_drink_56,drinking
410_drink_57,drinking
410_drink_58,drinking
410_drink_59,drinking
410_drink_6,drinking
410_drink_60,drinking
410_drink_61,drinking
410_drink_62,drinking
410_drink_63,drinking
410_drink_64,drinking
410_drink_65,drinking
410_drink_66,drinking
410_drink_67,drinking
410_drink_68,drinking
410_drink_69,drinking
410_drink_7,drinking
410_drink_70,drinking
410_drink_71,drinking
410_drink_72,drinking
410_drink_73,drinking
410_drink_74,drinking
410_drink_75,drinking
410_drink_76,drinking
410_drink_77,drinking
410_drink_78,drinking
410_drink_79,drinking
410_drink_8,drinking
410_drink_80,drinking
410_drink_9,drinking
410_normal_1,moving around normally
410_normal_10,moving around normally
410_normal_100,moving around normally
410_normal_101,moving around normally
410_normal_102,moving around normally
410_normal_103,moving around normally
410_normal_104,moving around normally
410_normal_105,moving around normally
410_normal_106,moving around normally
410_normal_107,moving around normally
410_normal_108,moving around normally
410_normal_109,moving around normally
410_normal_11,moving around normally
410_normal_110,moving around normally
410_normal_111,moving around normally
410_normal_112,moving around normally
410_normal_113,moving around normally
410_normal_114,moving around normally
410_normal_115,moving around normally
410_normal_116,moving around normally
410_normal_117,moving around normally
410_normal_118,moving around normally
410_normal_119,moving around normally
410_normal_12,moving around normally
410_normal_120,moving around normally
410_normal_121,moving around normally
410_normal_122,moving around normally
410_normal_123,moving around normally
410_normal_124,moving around normally
410_normal_125,moving around normally
410_normal_126,moving around normally
410_normal_127,moving around normally
410_normal_128,moving around normally
410_normal_129,moving around normally
410_normal_13,moving around normally
410_normal_130,moving around normally
410_normal_131,moving around normally
410_normal_132,moving around normally
410_normal_133,moving around normally
410_normal_134,moving around normally
410_normal_135,moving around normally
410_normal_136,moving around normally
410_normal_137,moving around normally
410_normal_138,moving around normally
410_normal_139,moving around normally
410_normal_14,moving around normally
410_normal_140,moving around normally
410_normal_141,moving around normally
410_normal_142,moving around normally
410_normal_143,moving around normally
410_normal_144,moving around normally
410_normal_145,moving around normally
410_normal_146,moving around normally
410_normal_147,moving around normally
410_normal_148,moving around normally
410_normal_149,moving around normally
410_normal_15,moving around normally
410_normal_150,moving around normally
410_normal_151,moving around normally
410_normal_152,moving around normally
410_normal_153,moving around normally
410_normal_154,moving around normally
410_normal_155,moving around normally
410_normal_156,moving around normally
410_normal_157,moving around normally
410_normal_158,moving around normally
410_normal_159,moving around normally
410_normal_16,moving around normally
410_normal_160,moving around normally
410_normal_161,moving around normally
410_normal_162,moving around normally
410_normal_163,moving around normally
410_normal_164,moving around normally
410_normal_165,moving around normally
410_normal_166,moving around normally
410_normal_167,moving around normally
410_normal_168,moving around normally
410_normal_169,moving around normally
410_normal_17,moving around normally
410_normal_170,moving around normally
410_normal_171,moving around normally
410_normal_172,moving around normally
410_normal_173,moving around normally
410_normal_174,moving around normally
410_normal_175,moving around normally
410_normal_176,moving around normally
410_normal_177,moving around normally
410_normal_178,moving around normally
410_normal_179,moving around normally
410_normal_18,moving around normally
410_normal_180,moving around normally
410_normal_181,moving around normally
410_normal_182,moving around normally
410_normal_183,moving around normally
410_normal_184,moving around normally
410_normal_185,moving around normally
410_normal_186,moving around normally
410_normal_187,moving around normally
410_normal_188,moving around normally
410_normal_189,moving around normally
410_normal_19,moving around normally
410_normal_190,moving around normally
410_normal_191,moving around normally
410_normal_192,moving around normally
410_normal_193,moving around normally
410_normal_194,moving around normally
410_normal_195,moving around normally
410_normal_196,moving around normally
410_normal_197,moving around normally
410_normal_198,moving around normally
410_normal_199,moving around normally
410_normal_2,moving around normally
410_normal_20,moving around normally
410_normal_200,moving around normally
410_normal_201,moving around normally
410_normal_202,moving around normally
410_normal_203,moving around normally
410_normal_204,moving around normally
410_normal_205,moving around normally
410_normal_206,moving around normally
410_normal_207,moving around normally
410_normal_208,moving around normally
410_normal_209,moving around normally
410_normal_21,moving around normally
410_normal_210,moving around normally
410_normal_211,moving around normally
410_normal_212,moving around normally
410_normal_213,moving around normally
410_normal_214,moving around normally
410_normal_215,moving around normally
410_normal_216,moving around normally
410_normal_217,moving around normally
410_normal_218,moving around normally
410_normal_219,moving around normally
410_normal_22,moving around normally
410_normal_220,moving around normally
410_normal_221,moving around normally
410_normal_222,moving around normally
410_normal_223,moving around normally
410_normal_224,moving around normally
410_normal_225,moving around normally
410_normal_226,moving around normally
410_normal_227,moving around normally
410_normal_228,moving around normally
410_normal_229,moving around normally
410_normal_23,moving around normally
410_normal_230,moving around normally
410_normal_231,moving around normally
410_normal_232,moving around normally
410_normal_233,moving around normally
410_normal_234,moving around normally
410_normal_235,moving around normally
410_normal_236,moving around normally
410_normal_237,moving around normally
410_normal_238,moving around normally
410_normal_239,moving around normally
410_normal_24,moving around normally
410_normal_240,moving around normally
410_normal_241,moving around normally
410_normal_242,moving around normally
410_normal_243,moving around normally
410_normal_244,moving around normally
410_normal_245,moving around normally
410_normal_246,moving around normally
410_normal_247,moving around normally
410_normal_248,moving around normally
410_normal_249,moving around normally
410_normal_25,moving around normally
410_normal_250,moving around normally
410_normal_251,moving around normally
410_normal_252,moving around normally
410_normal_253,moving around normally
410_normal_254,moving around normally
410_normal_255,moving around normally
410_normal_256,moving around normally
410_normal_257,moving around normally
410_normal_258,moving around normally
410_normal_259,moving around normally
410_normal_26,moving around normally
410_normal_260,moving around normally
410_normal_261,moving around normally
410_normal_262,moving around normally
410_normal_263,moving around normally
410_normal_264,moving around normally
410_normal_265,moving around normally
410_normal_266,moving around normally
410_normal_267,moving around normally
410_normal_268,moving around normally
410_normal_269,moving around normally
410_normal_27,moving around normally
410_normal_270,moving around normally
410_normal_271,moving around normally
410_normal_272,moving around normally
410_normal_273,moving around normally
410_normal_274,moving around normally
410_normal_275,moving around normally
410_normal_276,moving around normally
410_normal_277,moving around normally
410_normal_278,moving around normally
410_normal_279,moving around normally
410_normal_28,moving around normally
410_normal_280,moving around normally
410_normal_281,moving around normally
410_normal_282,moving around normally
410_normal_283,moving around normally
410_normal_284,moving around normally
410_normal_285,moving around normally
410_normal_286,moving around normally
410_normal_287,moving around normally
410_normal_288,moving around normally
410_normal_289,moving around normally
410_normal_29,moving around normally
410_normal_290,moving around normally
410_normal_291,moving around normally
410_normal_292,moving around normally
410_normal_293,moving around normally
410_normal_294,moving around normally
410_normal_295,moving around normally
410_normal_296,moving around normally
410_normal_297,moving around normally
410_normal_298,moving around normally
410_normal_299,moving around normally
410_normal_3,moving around normally
410_normal_30,moving around normally
410_normal_300,moving around normally
410_normal_301,moving around normally
410_normal_302,moving around normally
410_normal_303,moving around normally
410_normal_304,moving around normally
410_normal_305,moving around normally
410_normal_306,moving around normally
410_normal_307,moving around normally
410_normal_308,moving around normally
410_normal_309,moving around normally
410_normal_31,moving around normally
410_normal_310,moving around normally
410_normal_311,moving around normally
410_normal_312,moving around normally
410_normal_313,moving around normally
410_normal_314,moving around normally
410_normal_315,moving around normally
410_normal_316,moving around normally
410_normal_317,moving around normally
410_normal_318,moving around normally
410_normal_319,moving around normally
410_normal_32,moving around normally
410_normal_320,moving around normally
410_normal_321,moving around normally
410_normal_322,moving around normally
410_normal_323,moving around normally
410_normal_324,moving around normally
410_normal_325,moving around normally
410_normal_326,moving around normally
410_normal_327,moving around normally
410_normal_328,moving around normally
410_normal_329,moving around normally
410_normal_33,moving around normally
410_normal_330,moving around normally
410_normal_331,moving around normally
410_normal_332,moving around normally
410_normal_333,moving around normally
410_normal_334,moving around normally
410_normal_335,moving around normally
410_normal_336,moving around normally
410_normal_337,moving around normally
410_normal_338,moving around normally
410_normal_339,moving around normally
410_normal_34,moving around normally
410_normal_340,moving around normally
410_normal_341,moving around normally
410_normal_342,moving around normally
410_normal_343,moving around normally
410_normal_344,moving around normally
410_normal_345,moving around normally
410_normal_346,moving around normally
410_normal_347,moving around normally
410_normal_348,moving around normally
410_normal_349,moving around normally
410_normal_35,moving around normally
410_normal_350,moving around normally
410_normal_351,moving around normally
410_normal_352,moving around normally
410_normal_353,moving around normally
410_normal_354,moving around normally
410_normal_355,moving around normally
410_normal_356,moving around normally
410_normal_357,moving around normally
410_normal_358,moving around normally
410_normal_359,moving around normally
410_normal_36,moving around normally
410_normal_360,moving around normally
410_normal_361,moving around normally
410_normal_362,moving around normally
410_normal_363,moving around normally
410_normal_364,moving around normally
410_normal_365,moving around normally
410_normal_366,moving around normally
410_normal_367,moving around normally
410_normal_368,moving around normally
410_normal_369,moving around normally
410_normal_37,moving around normally
410_normal_370,moving around normally
410_normal_371,moving around normally
410_normal_372,moving around normally
410_normal_373,moving around normally
410_normal_374,moving around normally
410_normal_375,moving around normally
410_normal_376,moving around normally
410_normal_377,moving around normally
410_normal_378,moving around normally
410_normal_379,moving around normally
410_normal_38,moving around normally
410_normal_380,moving around normally
410_normal_381,moving around normally
410_normal_382,moving around normally
410_normal_383,moving around normally
410_normal_384,moving around normally
410_normal_385,moving around normally
410_normal_386,moving around normally
410_normal_387,moving around normally
410_normal_388,moving around normally
410_normal_389,moving around normally
410_normal_39,moving around normally
410_normal_390,moving around normally
410_normal_391,moving around normally
410_normal_392,moving around normally
410_normal_393,moving around normally
410_normal_394,moving around normally
410_normal_395,moving around normally
410_normal_396,moving around normally
410_normal_397,moving around normally
410_normal_398,moving around normally
410_normal_399,moving around normally
410_normal_4,moving around normally
410_normal_40,moving around normally
410_normal_400,moving around normally
410_normal_41,moving around normally
410_normal_42,moving around normally
410_normal_43,moving around normally
410_normal_44,moving around normally
410_normal_45,moving around normally
410_normal_46,moving around normally
410_normal_47,moving around normally
410_normal_48,moving around normally
410_normal_49,moving around normally
410_normal_5,moving around normally
410_normal_50,moving around normally
410_normal_51,moving around normally
410_normal_52,moving around normally
410_normal_53,moving around normally
410_normal_54,moving around normally
410_normal_55,moving around normally
410_normal_56,moving around normally
410_normal_57,moving around normally
410_normal_58,moving around normally
410_normal_59,moving around normally
410_normal_6,moving around normally
410_normal_60,moving around normally
410_normal_61,moving around normally
410_normal_62,moving around normally
410_normal_63,moving around normally
410_normal_64,moving around normally
410_normal_65,moving around normally
410_normal_66,moving around normally
410_normal_67,moving around normally
410_normal_68,moving around normally
410_normal_69,moving around normally
410_normal_7,moving around normally
410_normal_70,moving around normally
410_normal_71,moving around normally
410_normal_72,moving around normally
410_normal_73,moving around normally
410_normal_74,moving around normally
410_normal_75,moving around normally
410_normal_76,moving around normally
410_normal_77,moving around normally
410_normal_78,moving around normally
410_normal_79,moving around normally
410_normal_8,moving around normally
410_normal_80,moving around normally
410_normal_81,moving around normally
410_normal_82,moving around normally
410_normal_83,moving around normally
410_normal_84,moving around normally
410_normal_85,moving around normally
410_normal_86,moving around normally
410_normal_87,moving around normally
410_normal_88,moving around normally
410_normal_89,moving around normally
410_normal_9,moving around normally
410_normal_90,moving around normally
410_normal_91,moving around normally
410_normal_92,moving around normally
410_normal_93,moving around normally
410_normal_94,moving around normally
410_normal_95,moving around normally
410_normal_96,moving around normally
410_normal_97,moving around normally
410_normal_98,moving around normally
410_normal_99,moving around normally
410_throw_1,throwing
410_throw_10,throwing
410_throw_11,throwing
410_throw_12,throwing
410_throw_13,throwing
410_throw_14,throwing
410_throw_15,throwing
410_throw_16,throwing
410_throw_17,throwing
410_throw_18,throwing
410_throw_19,throwing
410_throw_2,throwing
410_throw_20,throwing
410_throw_21,throwing
410_throw_22,throwing
410_throw_23,throwing
410_throw_24,throwing
410_throw_25,throwing
410_throw_26,throwing
410_throw_27,throwing
410_throw_28,throwing
410_throw_29,throwing
410_throw_3,throwing
410_throw_30,throwing
410_throw_31,throwing
410_throw_32,throwing
410_throw_33,throwing
410_throw_34,throwing
410_throw_35,throwing
410_throw_36,throwing
410_throw_37,throwing
410_throw_38,throwing
410_throw_39,throwing
410_throw_4,throwing
410_throw_40,throwing
410_throw_41,throwing
410_throw_42,throwing
410_throw_43,throwing
410_throw_44,throwing
410_throw_45,throwing
410_throw_46,throwing
410_throw_47,throwing
410_throw_48,throwing
410_throw_49,throwing
410_throw_5,throwing
410_throw_50,throwing
410_throw_51,throwing
410_throw_52,throwing
410_throw_53,throwing
410_throw_54,throwing
410_throw_55,throwing
410_throw_56,throwing
410_throw_57,throwing
410_throw_58,throwing
410_throw_59,throwing
410_throw_6,throwing
410_throw_60,throwing
410_throw_61,throwing
410_throw_62,throwing
410_throw_63,throwing
410_throw_64,throwing
410_throw_65,throwing
410_throw_66,throwing
410_throw_67,throwing
410_throw_68,throwing
410_throw_69,throwing
410_throw_7,throwing
410_throw_70,throwing
410_throw_71,throwing
410_throw_72,throwing
410_throw_73,throwing
410_throw_74,throwing
410_throw_75,throwing
410_throw_76,throwing
410_throw_77,throwing
410_throw_78,throwing
410_throw_79,throwing
410_throw_8,throwing
410_throw_80,throwing
410_throw_9,throwing
410_unwear_1,operating without lab coats
410_unwear_10,operating without lab coats
410_unwear_11,operating without lab coats
410_unwear_12,operating without lab coats
410_unwear_13,operating without lab coats
410_unwear_14,operating without lab coats
410_unwear_15,operating without lab coats
410_unwear_16,operating without lab coats
410_unwear_17,operating without lab coats
410_unwear_18,operating without lab coats
410_unwear_19,operating without lab coats
410_unwear_2,operating without lab coats
410_unwear_20,operating without lab coats
410_unwear_21,operating without lab coats
410_unwear_22,operating without lab coats
410_unwear_23,operating without lab coats
410_unwear_24,operating without lab coats
410_unwear_25,operating without lab coats
410_unwear_26,operating without lab coats
410_unwear_27,operating without lab coats
410_unwear_28,operating without lab coats
410_unwear_29,operating without lab coats
410_unwear_3,operating without lab coats
410_unwear_30,operating without lab coats
410_unwear_31,operating without lab coats
410_unwear_32,operating without lab coats
410_unwear_33,operating without lab coats
410_unwear_34,operating without lab coats
410_unwear_35,operating without lab coats
410_unwear_36,operating without lab coats
410_unwear_37,operating without lab coats
410_unwear_38,operating without lab coats
410_unwear_39,operating without lab coats
410_unwear_4,operating without lab coats
410_unwear_40,operating without lab coats
410_unwear_41,operating without lab coats
410_unwear_42,operating without lab coats
410_unwear_43,operating without lab coats
410_unwear_44,operating without lab coats
410_unwear_45,operating without lab coats
410_unwear_46,operating without lab coats
410_unwear_47,operating without lab coats
410_unwear_48,operating without lab coats
410_unwear_49,operating without lab coats
410_unwear_5,operating without lab coats
410_unwear_50,operating without lab coats
410_unwear_51,operating without lab coats
410_unwear_52,operating without lab coats
410_unwear_53,operating without lab coats
410_unwear_54,operating without lab coats
410_unwear_55,operating without lab coats
410_unwear_56,operating without lab coats
410_unwear_57,operating without lab coats
410_unwear_58,operating without lab coats
410_unwear_59,operating without lab coats
410_unwear_6,operating without lab coats
410_unwear_60,operating without lab coats
410_unwear_61,operating without lab coats
410_unwear_62,operating without lab coats
410_unwear_63,operating without lab coats
410_unwear_64,operating without lab coats
410_unwear_65,operating without lab coats
410_unwear_66,operating without lab coats
410_unwear_67,operating without lab coats
410_unwear_68,operating without lab coats
410_unwear_69,operating without lab coats
410_unwear_7,operating without lab coats
410_unwear_70,operating without lab coats
410_unwear_71,operating without lab coats
410_unwear_72,operating without lab coats
410_unwear_73,operating without lab coats
410_unwear_74,operating without lab coats
410_unwear_75,operating without lab coats
410_unwear_76,operating without lab coats
410_unwear_77,operating without lab coats
410_unwear_78,operating without lab coats
410_unwear_79,operating without lab coats
410_unwear_8,operating without lab coats
410_unwear_80,operating without lab coats
410_unwear_9,operating without lab coats
